Common name,Family,Genus,Species
Basalm Fir,Pinaceae,Abies,balsamea
Abietinella Moss,Thuidiaceae,Abietinella,abietina
Asian Copperleaf,Euphorbiaceae,Acalypha,australis
Common Threeseed Mercury,Euphorbiaceae,Acalypha,rhomboidea
Virginia Threeseed Mercury,Euphorbiaceae,Acalypha,virginica
Japanese Maple,Sapindaceae,Acer,palmatum
Amur Maple,Sapindaceae,Acer,ginnala
Boxelder,Sapindaceae,Acer,negundo
Black Maple,Sapindaceae,Acer,nigrum
Stroped Maple,Sapindaceae,Acer,pensylvanicum
Norway Maple,Sapindaceae,Acer,platamoides
Sycamore Maple,Sapindaceae,Acer,peudoplatanus
Red Maple,Sapindaceae,Acer,rubrum
Silver Maple,Sapindaceae,Acer,saccharinum
Calamus,Acoraceae,Acorus,calamus
White Baneberry,Ranunculaceae,Actea,pachypoda
Red Baneberry,Ranunculaceae,Actea,rubra
California Maidenhair,Pteridaceae,Adiantum,jordanii
Northern Maidenhair,Pteridaceae,Adiantum,pedatum
Allegheny Vine,Papaveraceae,Aldumia,fungosa
Blooddrops,Ranunculaceae,Adonis,annua
Summer Pheasant's Eye,Ranunculaceae,Adonis,aestivlis
Bishop's Goutweed,Apiaceae,Aegopodium,
Fool's Parlsey,Apiaceae,Aethusa,cynapium
Sandplain False Foxglove,Orobanchaceae,Agalinis ,acuta
Tenlobe False Foxglove,Orobanchaceae,Agalinis ,obtusifolia
Purple False Foxglove,Orobanchaceae,Agalinis ,purpurea
Slenderleaf False Foxglove,Orobanchaceae,Agalinis ,tenuifolia
Purple Giant Hyssop,Rosaceae,Agastache,scrophulariifolia
Tall Hairy Agrimony,Rosaceae,Agrimonia,gryposepala
Soft Agrimony,Rosaceae,Agrimonia,pubescens
Roadside Agrimony,Rosaceae,Agrimonia,striata
Common Corncockle,Caryophyllaceae,Agrostemma,githago
Colonial Bentgrass,Poaceae,Agrostis ,capillaris
Redtop,Poaceae,Agrostis ,gigantea
Creeping Bentgrass,Poaceae,Agrostis ,perennans
Upland Bentgrass,Poaceae,Agrostis ,stoninfera
Tree of Heaven,Simaroubaceae,Ailanthus ,altissima
Silver Hairgrass,Poaceae,Aira ,caryophyllea
Common Bungle,Lamiaceae,Ajuga ,reptans
Chocolate Vine,Lardizabalaceae,Ajuga ,quinata
Silktree,Fabaceae,Albiza ,julibrissin
Narrowleaf Water Plantain,Alismataceae,Alisma ,gramineum
European Water Plantain,Alismataceae,Alisma,plantago-aquatica
American Water Plantain,Alismataceae,Alisma,subcordatum
Northern Water Plantain,Alismataceae,Alisma,triviale
Garlic Mustard,Brassicaceae,Alliaria,petiolata
Meadow Garlic,Amaryllidaceae,Allium,canadense
Wild Chives,Amaryllidaceae,Allium,schoenoprasum
Ramp,Amaryllidaceae,Allium,tricoccum
Chinese Chives,Amaryllidaceae,Allium,vineale
Wild Garlic,Amaryllidaceae,Alnus,incana